Employee_ID,Employee_Name,Employee_Address,Employee_ContactNumber
101,Matthew Wade,"150 Barnum Avenue Cutoff, Stratford CT 6614",443-864-7729
102,Donna Paul,"970 Torringford Street, Torrington CT 6790",626-544-1406
103,Kevin Brian,"844 No Colony Road, Wallingford CT 6492",781-533-1857
104,Margaret Donald,"910 Wolcott St, Waterbury CT 6705",978-571-1366
105,Ashley Smith,"155 Waterford Parkway No, Waterford CT 6385",804-789-2934
106,William Brian,"515 Sawmill Road, West Haven CT 6516",845-462-7013
107,Richard Christopher,"2473 Hackworth Road, Adamsville AL 35005",860-816-6729
108,John ,"630 Coonial Promenade Pkwy, Alabaster AL 35007",814-344-9946
109,Carol Joshua,"2643 Hwy 280 West, Alexander City AL 35010",501-821-7768
110,Ada Steven,"540 West Bypass, Andalusia AL 36420",563-946-1752
